timestamp,product_dropdown,description,product_name,benefits,key_message,gender,generation,psychotype,business_stage,industry,opf,chosen_approach,comment,model,prompt,final_prompt,sms,comment_sms,corrected_sms
1737023210.675116,зарплатный проект,"Зарплатный проект для предпринимателей. Позволяет зачислять зарплату, отпускные, компенсации и другие виды выплат в любой день. Подключение — по заявке в интернет-банке СберБизнес.",зарплатный проект,"Разные виды зачислений.

Можно зачислять в выходные и праздники.

Срок зачисления — от 1 минуты.

Подключение без визита в банк.","Зачисление зарплаты сотрудникам от 1 минуты 24/7, подключение без визита в банк.",Женский,X,,,Финансовая деятельность,,"Вопрос, Указание на пользу",SMS для данных параметров персонализации ОТСУТСТВУЕТ в базе,GigaChat-Pro (T=0.87),"Напиши три или четыре предложения суммарной длиной от 160 до 250 знаков с учетом пробелов. Начни сообщение с вопроса, который указывает на пользу продукта для клиента / Начни SMS с указания на пользу продукта. Используй глагол в побудительном наклонении. Не начинай с вопроса. 
Напиши рекламное SMS для следующего продукта:
«Зарплатный проект для предпринимателей. Позволяет зачислять зарплату, отпускные, компенсации и другие виды выплат в любой день. Подключение — по заявке в интернет-банке СберБизнес.».
Не изменяй название продукта: «зарплатный проект».
Преимущества:
«Разные виды зачислений.

Можно зачислять в выходные и праздники.

Срок зачисления — от 1 минуты.

Подключение без визита в банк.».
ОБЯЗАТЕЛЬНО используй в SMS один или несколько терминов, касающиеся клиента, которому направляется SMS, из КАЖДОЙ группы:
1. комфорт, вдохновение, представьте, наслаждаться.
2. надежность, стабильность, опыт.
3. инвестиции, активы, консалтинг, рынок.
Убедись, что написал не меньше трех и не больше четырех предложений суммарной длиной от 160 до 250 знаков с учетом пробелов.
Убедись, что готовый текст начинается с вопроса, который указывает на пользу продукта для клиента / Убедись, что SMS начинается с указания на пользу продукта и использования глагола в побудительном наклонении и не начинается с вопроса.
Убедись, что УМЕСТНО использовал КАЖДЫЙ необходимый термин.
Убедись, что в SMS без изменений, синонимов и перестановок слов используется наименование продукта: «зарплатный проект».
Убедись, что в SMS есть следующая ключевая информация: «Зачисление зарплаты сотрудникам от 1 минуты 24/7, подключение без визита в банк.».","Напиши три или четыре предложения суммарной длиной от 160 до 250 знаков с учетом пробелов. Начни SMS с указания на пользу продукта. Используй глагол в побудительном наклонении. Не начинай с вопроса. Напиши рекламное SMS для следующего продукта:
«Зарплатный проект для предпринимателей. Позволяет зачислять зарплату, отпускные, компенсации и другие виды выплат в любой день. Подключение — по заявке в интернет-банке СберБизнес.».
Не изменяй название продукта: «зарплатный проект».
Преимущества:
«Разные виды зачислений. Можно зачислять в выходные и праздники. Срок зачисления — от 1 минуты. Подключение без визита в банк.».
ОБЯЗАТЕЛЬНО используй в SMS один или несколько терминов, касающиеся клиента, которому направляется SMS, из КАЖДОЙ группы:
1. комфорт, вдохновение, представьте, наслаждаться.
2. надежность, стабильность, опыт.
3. инвестиции, активы, консалтинг, рынок.
Убедись, что написал не меньше трех и не больше четырех предложений суммарной длиной от 160 до 250 знаков с учетом пробелов. Убедись, что SMS начинается с указания на пользу продукта и использования глагола в побудительном наклонении и не начинается с вопроса.
Убедись, что УМЕСТНО использовал КАЖДЫЙ необходимый термин.
Убедись, что в SMS без изменений, синонимов и перестановок слов используется наименование продукта: «зарплатный проект».
Убедись, что в SMS есть следующая ключевая информация: «Зачисление зарплаты сотрудникам от 1 минуты 24/7, подключение без визита в банк.».","Пользуйтесь зарплатным проектом и зачисляйте выплаты сотрудникам в удобный день, даже в выходные и праздники, от 1 минуты! Подключите услугу без визита в банк и оцените преимущества надёжности и скорости.

------
Количество знаков: 204",,
1737024788.8687434,зарплатный проект,"Зарплатный проект для предпринимателей. Позволяет зачислять зарплату, отпускные, компенсации и другие виды выплат в любой день. Подключение — по заявке в интернет-банке СберБизнес.",зарплатный проект,"Разные виды зачислений.

Можно зачислять в выходные и праздники.

Срок зачисления — от 1 минуты.

Подключение без визита в банк.","Зачисление зарплаты сотрудникам от 1 минуты 24/7, подключение без визита в банк.",Мужской,X,,,Нефтегазовая промышленность,,Указание на пользу,SMS для данных параметров персонализации ОТСУТСТВУЕТ в базе,GigaChat-Max (T=0.87),"Напиши три или четыре предложения суммарной длиной от 160 до 250 знаков с учетом пробелов. Начни SMS с указания на пользу продукта. Используй глагол в побудительном наклонении. Не начинай с вопроса. 
Напиши рекламное SMS для следующего продукта:
«Зарплатный проект для предпринимателей. Позволяет зачислять зарплату, отпускные, компенсации и другие виды выплат в любой день. Подключение — по заявке в интернет-банке СберБизнес.».
Не изменяй название продукта: «зарплатный проект».
Преимущества:
«Разные виды зачислений.

Можно зачислять в выходные и праздники.

Срок зачисления — от 1 минуты.

Подключение без визита в банк.».
ОБЯЗАТЕЛЬНО включи в SMS:
1. контроль, управлять, экономия, стратегический, обеспечить.
2. надежность, стабильность, опыт.
3. нефть, газ, топливо, бензин.
Убедись, что написал не меньше трех и не больше четырех предложений суммарной длиной от 160 до 250 знаков с учетом пробелов.
Убедись, что SMS начинается с указания на пользу продукта и использования глагола в побудительном наклонении и не начинается с вопроса.
Убедись, что в SMS без изменений, синонимов и перестановок слов используется наименование продукта: «зарплатный проект».
Убедись, что в SMS есть следующая ключевая информация: «Зачисление зарплаты сотрудникам от 1 минуты 24/7, подключение без визита в банк.».","Напиши три или четыре предложения суммарной длиной от 160 до 250 знаков с учетом пробелов. Начни SMS с указания на пользу продукта. Используй глагол в побудительном наклонении. Не начинай с вопроса. Напиши рекламное SMS для следующего продукта:
«Зарплатный проект для предпринимателей. Позволяет зачислять зарплату, отпускные, компенсации и другие виды выплат в любой день. Подключение — по заявке в интернет-банке СберБизнес.».
Не изменяй название продукта: «зарплатный проект».
Преимущества:
«Разные виды зачислений. Можно зачислять в выходные и праздники. Срок зачисления — от 1 минуты. Подключение без визита в банк.».
ОБЯЗАТЕЛЬНО включи в SMS:
1. контроль, управлять, экономия, стратегический, обеспечить.
2. надежность, стабильность, опыт.
3. нефть, газ, топливо, бензин.
Убедись, что написал не меньше трех и не больше четырех предложений суммарной длиной от 160 до 250 знаков с учетом пробелов.
Убедись, что SMS начинается с указания на пользу продукта и использования глагола в побудительном наклонении и не начинается с вопроса.
Убедись, что в SMS без изменений, синонимов и перестановок слов используется наименование продукта: «зарплатный проект».
Убедись, что в SMS есть следующая ключевая информация: «Зачисление зарплаты сотрудникам от 1 минуты 24/7, подключение без визита в банк.».","Подключите зарплатный проект и обеспечьте своим сотрудникам стабильные выплаты 24/7! Зачисляйте зарплату за 1 минуту в любой день, даже в выходные и праздники. Подключение онлайн через СберБизнес — без визита в банк.

------
Количество знаков: 216",,
1737025610.2804182,зарплатный проект,"Зарплатный проект для предпринимателей. Позволяет зачислять зарплату, отпускные, компенсации и другие виды выплат в любой день. Подключение — по заявке в интернет-банке СберБизнес.",зарплатный проект,"Разные виды зачислений.

Можно зачислять в выходные и праздники.

Срок зачисления — от 1 минуты.

Подключение без визита в банк.","Зачисление зарплаты сотрудникам от 1 минуты 24/7, подключение без визита в банк.",Не выбрано,X,,,Не выбрано,Не выбрано,Указание на пользу,SMS для данных параметров персонализации ОТСУТСТВУЕТ в базе,GigaChat-Max (T=0.87),"Напиши три или четыре предложения суммарной длиной от 160 до 250 знаков с учетом пробелов. Начни SMS с указания на пользу продукта. Используй глагол в побудительном наклонении. Не начинай с вопроса. 
Напиши рекламное SMS для следующего продукта:
«Зарплатный проект для предпринимателей. Позволяет зачислять зарплату, отпускные, компенсации и другие виды выплат в любой день. Подключение — по заявке в интернет-банке СберБизнес.».
Не изменяй название продукта: «зарплатный проект».
Преимущества:
«Разные виды зачислений.

Можно зачислять в выходные и праздники.

Срок зачисления — от 1 минуты.

Подключение без визита в банк.».
ОБЯЗАТЕЛЬНО включи в SMS:
1. надежность, стабильность, опыт.
Убедись, что написал не меньше трех и не больше четырех предложений суммарной длиной от 160 до 250 знаков с учетом пробелов.
Убедись, что SMS начинается с указания на пользу продукта и использования глагола в побудительном наклонении и не начинается с вопроса.
Убедись, что в SMS без изменений, синонимов и перестановок слов используется наименование продукта: «зарплатный проект».
Убедись, что в SMS есть следующая ключевая информация: «Зачисление зарплаты сотрудникам от 1 минуты 24/7, подключение без визита в банк.».","Напиши три или четыре предложения суммарной длиной от 160 до 250 знаков с учетом пробелов. Начни SMS с указания на пользу продукта. Используй глагол в побудительном наклонении. Не начинай с вопроса. Напиши рекламное SMS для следующего продукта:
«Зарплатный проект для предпринимателей. Позволяет зачислять зарплату, отпускные, компенсации и другие виды выплат в любой день. Подключение — по заявке в интернет-банке СберБизнес.».
Не изменяй название продукта: «зарплатный проект».
Преимущества:
«Разные виды зачислений. Можно зачислять в выходные и праздники. Срок зачисления — от 1 минуты. Подключение без визита в банк.».
ОБЯЗАТЕЛЬНО включи в SMS:
1. надежность, стабильность, опыт.
Убедись, что написал не меньше трех и не больше четырех предложений суммарной длиной от 160 до 250 знаков с учетом пробелов.
Убедись, что SMS начинается с указания на пользу продукта и использования глагола в побудительном наклонении и не начинается с вопроса.
Убедись, что в SMS без изменений, синонимов и перестановок слов используется наименование продукта: «зарплатный проект».
Убедись, что в SMS есть следующая ключевая информация: «Зачисление зарплаты сотрудникам от 1 минуты 24/7, подключение без визита в банк.».","Подключите зарплатный проект и обеспечьте своим сотрудникам стабильные выплаты 24/7! Зачисляйте зарплату за 1 минуту в любое время, даже в выходные и праздники. Надежно, быстро и без визита в банк.

------
Количество знаков: 197",,
1737027481.900393,зарплатный проект,"Зарплатный проект для предпринимателей. Позволяет зачислять зарплату, отпускные, компенсации и другие виды выплат в любой день. Подключение — по заявке в интернет-банке СберБизнес.",зарплатный проект,"Разные виды зачислений.

Можно зачислять в выходные и праздники.

Срок зачисления — от 1 минуты.

Подключение без визита в банк.","Зачисление зарплаты сотрудникам от 1 минуты 24/7, подключение без визита в банк.",Не выбрано,X,,,Не выбрано,Не выбрано,Указание на пользу,SMS для данных параметров персонализации ОТСУТСТВУЕТ в базе,GigaChat-Pro (T=0.87),"Напиши три или четыре предложения суммарной длиной от 160 до 250 знаков с учетом пробелов. Начни SMS с указания на пользу продукта. Используй глагол в побудительном наклонении. Не начинай с вопроса. 
Напиши рекламное SMS для следующего продукта:
«Зарплатный проект для предпринимателей. Позволяет зачислять зарплату, отпускные, компенсации и другие виды выплат в любой день. Подключение — по заявке в интернет-банке СберБизнес.».
Не изменяй название продукта: «зарплатный проект».
Преимущества:
«Разные виды зачислений.

Можно зачислять в выходные и праздники.

Срок зачисления — от 1 минуты.

Подключение без визита в банк.».
ОБЯЗАТЕЛЬНО используй в SMS один или несколько терминов, касающиеся клиента, которому направляется SMS, из КАЖДОЙ группы:
1. надежность, стабильность, опыт.
Убедись, что написал не меньше трех и не больше четырех предложений суммарной длиной от 160 до 250 знаков с учетом пробелов.
Убедись, что SMS начинается с указания на пользу продукта и использования глагола в побудительном наклонении и не начинается с вопроса.
Убедись, что УМЕСТНО использовал КАЖДЫЙ необходимый термин.
Убедись, что в SMS без изменений, синонимов и перестановок слов используется наименование продукта: «зарплатный проект».
Убедись, что в SMS есть следующая ключевая информация: «Зачисление зарплаты сотрудникам от 1 минуты 24/7, подключение без визита в банк.».","Напиши три или четыре предложения суммарной длиной от 160 до 250 знаков с учетом пробелов. Начни SMS с указания на пользу продукта. Используй глагол в побудительном наклонении. Не начинай с вопроса. Напиши рекламное SMS для следующего продукта:
«Зарплатный проект для предпринимателей. Позволяет зачислять зарплату, отпускные, компенсации и другие виды выплат в любой день. Подключение — по заявке в интернет-банке СберБизнес.».
Не изменяй название продукта: «зарплатный проект».
Преимущества:
«Разные виды зачислений. Можно зачислять в выходные и праздники. Срок зачисления — от 1 минуты. Подключение без визита в банк.».
ОБЯЗАТЕЛЬНО используй в SMS один или несколько терминов, касающиеся клиента, которому направляется SMS, из КАЖДОЙ группы:
1. надежность, стабильность, опыт.
Убедись, что написал не меньше трех и не больше четырех предложений суммарной длиной от 160 до 250 знаков с учетом пробелов.
Убедись, что SMS начинается с указания на пользу продукта и использования глагола в побудительном наклонении и не начинается с вопроса.
Убедись, что УМЕСТНО использовал КАЖДЫЙ необходимый термин.
Убедись, что в SMS без изменений, синонимов и перестановок слов используется наименование продукта: «зарплатный проект».
Убедись, что в SMS есть следующая ключевая информация: «Зачисление зарплаты сотрудникам от 1 минуты 24/7, подключение без визита в банк.».","Зарплатный проект: зачисляйте зарплату, отпускные и другие выплаты в любой день недели от 1 минуты! Без визита в банк — просто подайте заявку онлайн. Надежность, стабильность, опыт — всё для вашего удобства.

------
Количество знаков: 207",,"Зачисляйте зарплату, отпускные и другие выплаты в любой день недели от 1 минуты! Без визита в банк — просто подайте заявку онлайн. Надежность, стабильность, опыт — всё для вашего удобства."
1737027809.2590332,зарплатный проект,"Зарплатный проект для предпринимателей. Позволяет зачислять зарплату, отпускные, компенсации и другие виды выплат в любой день. Подключение — по заявке в интернет-банке СберБизнес.",зарплатный проект,"Разные виды зачислений.

Можно зачислять в выходные и праздники.

Срок зачисления — от 1 минуты.

Подключение без визита в банк.","Зачисление зарплаты сотрудникам от 1 минуты 24/7, подключение без визита в банк.",Не выбрано,X,,,Не выбрано,ИП,Указание на пользу,SMS для данных параметров персонализации ОТСУТСТВУЕТ в базе,GigaChat-Max (T=0.87),"Напиши три или четыре предложения суммарной длиной от 160 до 250 знаков с учетом пробелов. Начни SMS с указания на пользу продукта. Используй глагол в побудительном наклонении. Не начинай с вопроса. 
Напиши рекламное SMS для следующего продукта:
«Зарплатный проект для предпринимателей. Позволяет зачислять зарплату, отпускные, компенсации и другие виды выплат в любой день. Подключение — по заявке в интернет-банке СберБизнес.».
Не изменяй название продукта: «зарплатный проект».
Преимущества:
«Разные виды зачислений.

Можно зачислять в выходные и праздники.

Срок зачисления — от 1 минуты.

Подключение без визита в банк.».
ОБЯЗАТЕЛЬНО включи в SMS:
1. надежность, стабильность, опыт.
2. предприниматель, ИП.
Убедись, что написал не меньше трех и не больше четырех предложений суммарной длиной от 160 до 250 знаков с учетом пробелов.
Убедись, что SMS начинается с указания на пользу продукта и использования глагола в побудительном наклонении и не начинается с вопроса.
Убедись, что в SMS без изменений, синонимов и перестановок слов используется наименование продукта: «зарплатный проект».
Убедись, что в SMS есть следующая ключевая информация: «Зачисление зарплаты сотрудникам от 1 минуты 24/7, подключение без визита в банк.».","Напиши три или четыре предложения суммарной длиной от 160 до 250 знаков с учетом пробелов. Начни SMS с указания на пользу продукта. Используй глагол в побудительном наклонении. Не начинай с вопроса. Напиши рекламное SMS для следующего продукта:
«Зарплатный проект для предпринимателей. Позволяет зачислять зарплату, отпускные, компенсации и другие виды выплат в любой день. Подключение — по заявке в интернет-банке СберБизнес.».
Не изменяй название продукта: «зарплатный проект».
Преимущества:
«Разные виды зачислений. Можно зачислять в выходные и праздники. Срок зачисления — от 1 минуты. Подключение без визита в банк.».
ОБЯЗАТЕЛЬНО включи в SMS:
1. надежность, стабильность, опыт.
2. предприниматель, ИП.
Убедись, что написал не меньше трех и не больше четырех предложений суммарной длиной от 160 до 250 знаков с учетом пробелов.
Убедись, что SMS начинается с указания на пользу продукта и использования глагола в побудительном наклонении и не начинается с вопроса.
Убедись, что в SMS без изменений, синонимов и перестановок слов используется наименование продукта: «зарплатный проект».
Убедись, что в SMS есть следующая ключевая информация: «Зачисление зарплаты сотрудникам от 1 минуты 24/7, подключение без визита в банк.».","Подключите зарплатный проект для удобного управления финансами вашего бизнеса! Зачисляйте зарплату сотрудникам за 1 минуту 24/7, даже в выходные и праздники. Надежно, быстро и без визита в банк.

------
Количество знаков: 194",,
1737028950.3137274,онлайн-кредит,"Онлайн-кредит для ИП и ООО. Подходит для любых бизнес-целей: реализации контрактов, покупки оборудования, финансирования расходов, рефинансирования кредитов в других банках. Срок — до 3 лет. Сумма — от 100 000 рублей до 5 000 000 рублей. Ставка — от 35,5% до 38,5% годовых. Можно снизить ставку на 2% для ООО, на 3% для ИП. Для оформления нужно подать заявку онлайн в интернет-банке СберБизнес.",онлайн-кредит,"Решение по заявке и выдача — от 3 минут.

Без посещения офиса банка.

Без залога.

Возможно снизить ставку на 2% для ООО, на 3% для ИП.","Оформление онлайн, сумма до 5 000 000 рублей, без залога, решение — от 3 минут.",,X,,,,,Указание на пользу,SMS для данных параметров персонализации ЕСТЬ в базе,GigaChat-Max (T=0.87),"Напиши три или четыре предложения суммарной длиной от 160 до 250 знаков с учетом пробелов. Начни SMS с указания на пользу продукта. Используй глагол в побудительном наклонении. Не начинай с вопроса. 
Напиши рекламное SMS для следующего продукта:
«Онлайн-кредит для ИП и ООО. Подходит для любых бизнес-целей: реализации контрактов, покупки оборудования, финансирования расходов, рефинансирования кредитов в других банках. Срок — до 3 лет. Сумма — от 100 000 рублей до 5 000 000 рублей. Ставка — от 35,5% до 38,5% годовых. Можно снизить ставку на 2% для ООО, на 3% для ИП. Для оформления нужно подать заявку онлайн в интернет-банке СберБизнес.».
Не изменяй название продукта: «онлайн-кредит».
Преимущества:
«Решение по заявке и выдача — от 3 минут.

Без посещения офиса банка.

Без залога.

Возможно снизить ставку на 2% для ООО, на 3% для ИП.».
ОБЯЗАТЕЛЬНО включи в SMS:
1. надежность, стабильность, опыт.
Убедись, что написал не меньше трех и не больше четырех предложений суммарной длиной от 160 до 250 знаков с учетом пробелов.
Убедись, что SMS начинается с указания на пользу продукта и использования глагола в побудительном наклонении и не начинается с вопроса.
Убедись, что в SMS без изменений, синонимов и перестановок слов используется наименование продукта: «онлайн-кредит».
Убедись, что в SMS есть следующая ключевая информация: «Оформление онлайн, сумма до 5 000 000 рублей, без залога, решение — от 3 минут.».","Напиши три или четыре предложения суммарной длиной от 160 до 250 знаков с учетом пробелов. Начни SMS с указания на пользу продукта. Используй глагол в побудительном наклонении. Не начинай с вопроса. Напиши рекламное SMS для следующего продукта:
«Онлайн-кредит для ИП и ООО. Подходит для любых бизнес-целей: реализации контрактов, покупки оборудования, финансирования расходов, рефинансирования кредитов в других банках. Срок — до 3 лет. Сумма — от 100 000 рублей до 5 000 000 рублей. Ставка — от 35,5% до 38,5% годовых. Можно снизить ставку на 2% для ООО, на 3% для ИП. Для оформления нужно подать заявку онлайн в интернет-банке СберБизнес.».
Не изменяй название продукта: «онлайн-кредит».
Преимущества:
«Решение по заявке и выдача — от 3 минут. Без посещения офиса банка. Без залога. Возможно снизить ставку на 2% для ООО, на 3% для ИП.».
ОБЯЗАТЕЛЬНО включи в SMS:
1. надежность, стабильность, опыт.
Убедись, что написал не меньше трех и не больше четырех предложений суммарной длиной от 160 до 250 знаков с учетом пробелов.
Убедись, что SMS начинается с указания на пользу продукта и использования глагола в побудительном наклонении и не начинается с вопроса.
Убедись, что в SMS без изменений, синонимов и перестановок слов используется наименование продукта: «онлайн-кредит».
Убедись, что в SMS есть следующая ключевая информация: «Оформление онлайн, сумма до 5 000 000 рублей, без залога, решение — от 3 минут.».","Получите онлайн-кредит до 5 млн р без визита в банк! Решение за 3 минуты, без залога. Оформляйте через СберБизнес и снижайте ставку до 3%. Надёжный партнёр вашего бизнеса уже более 20 лет.

------
Количество знаков: 188",в,а
1737030352.208111,зарплатный проект,"Зарплатный проект для предпринимателей. Позволяет зачислять зарплату, отпускные, компенсации и другие виды выплат в любой день. Подключение — по заявке в интернет-банке СберБизнес.",зарплатный проект,"Разные виды зачислений.

Можно зачислять в выходные и праздники.

Срок зачисления — от 1 минуты.

Подключение без визита в банк.","Зачисление зарплаты сотрудникам от 1 минуты 24/7, подключение без визита в банк.",Не выбрано,Y,,,Не выбрано,ООО,Указание на пользу,SMS для данных параметров персонализации ОТСУТСТВУЕТ в базе,GigaChat-Pro (T=0.87),"Напиши три или четыре предложения суммарной длиной от 160 до 250 знаков с учетом пробелов. Начни SMS с указания на пользу продукта. Используй глагол в побудительном наклонении. Не начинай с вопроса. 
Напиши рекламное SMS для следующего продукта:
«Зарплатный проект для предпринимателей. Позволяет зачислять зарплату, отпускные, компенсации и другие виды выплат в любой день. Подключение — по заявке в интернет-банке СберБизнес.».
Не изменяй название продукта: «зарплатный проект».
Преимущества:
«Разные виды зачислений.

Можно зачислять в выходные и праздники.

Срок зачисления — от 1 минуты.

Подключение без визита в банк.».
ОБЯЗАТЕЛЬНО используй в SMS один или несколько терминов, касающиеся клиента, которому направляется SMS, из КАЖДОЙ группы:
1. простота, бонус, скидка, эффективный.
2. управление, сотрудники, команда, компания, штат, корпоративный.
Убедись, что написал не меньше трех и не больше четырех предложений суммарной длиной от 160 до 250 знаков с учетом пробелов.
Убедись, что SMS начинается с указания на пользу продукта и использования глагола в побудительном наклонении и не начинается с вопроса.
Убедись, что УМЕСТНО использовал КАЖДЫЙ необходимый термин.
Убедись, что в SMS без изменений, синонимов и перестановок слов используется наименование продукта: «зарплатный проект».
Убедись, что в SMS есть следующая ключевая информация: «Зачисление зарплаты сотрудникам от 1 минуты 24/7, подключение без визита в банк.».","Напиши три или четыре предложения суммарной длиной от 160 до 250 знаков с учетом пробелов. Начни SMS с указания на пользу продукта. Используй глагол в побудительном наклонении. Не начинай с вопроса. Напиши рекламное SMS для следующего продукта:
«Зарплатный проект для предпринимателей. Позволяет зачислять зарплату, отпускные, компенсации и другие виды выплат в любой день. Подключение — по заявке в интернет-банке СберБизнес.».
Не изменяй название продукта: «зарплатный проект».
Преимущества:
«Разные виды зачислений. Можно зачислять в выходные и праздники. Срок зачисления — от 1 минуты. Подключение без визита в банк.».
ОБЯЗАТЕЛЬНО используй в SMS один или несколько терминов, касающиеся клиента, которому направляется SMS, из КАЖДОЙ группы:
1. простота, бонус, скидка, эффективный.
2. управление, сотрудники, команда, компания, штат, корпоративный.
Убедись, что написал не меньше трех и не больше четырех предложений суммарной длиной от 160 до 250 знаков с учетом пробелов.
Убедись, что SMS начинается с указания на пользу продукта и использования глагола в побудительном наклонении и не начинается с вопроса.
Убедись, что УМЕСТНО использовал КАЖДЫЙ необходимый термин.
Убедись, что в SMS без изменений, синонимов и перестановок слов используется наименование продукта: «зарплатный проект».
Убедись, что в SMS есть следующая ключевая информация: «Зачисление зарплаты сотрудникам от 1 минуты 24/7, подключение без визита в банк.».","Зарплатный проект: зачисляйте зарплату, отпускные и другие выплаты в любой день недели от 1 минуты! Без визита в банк — просто подайте заявку онлайн. Эффективное решение для управления командой и компанией.

------
Количество знаков: 206",,"Зачисляйте зарплату, отпускные и другие выплаты в любой день недели от 1 минуты! Без визита в банк — просто подайте заявку онлайн. Эффективное решение для управления командой и компанией."
1737030361.8093443,зарплатный проект,"Зарплатный проект для предпринимателей. Позволяет зачислять зарплату, отпускные, компенсации и другие виды выплат в любой день. Подключение — по заявке в интернет-банке СберБизнес.",зарплатный проект,"Разные виды зачислений.

Можно зачислять в выходные и праздники.

Срок зачисления — от 1 минуты.

Подключение без визита в банк.","Зачисление зарплаты сотрудникам от 1 минуты 24/7, подключение без визита в банк.",Не выбрано,Y,,,Не выбрано,ООО,Указание на пользу,SMS для данных параметров персонализации ОТСУТСТВУЕТ в базе,GigaChat-Max (T=0.87),"Напиши три или четыре предложения суммарной длиной от 160 до 250 знаков с учетом пробелов. Начни SMS с указания на пользу продукта. Используй глагол в побудительном наклонении. Не начинай с вопроса. 
Напиши рекламное SMS для следующего продукта:
«Зарплатный проект для предпринимателей. Позволяет зачислять зарплату, отпускные, компенсации и другие виды выплат в любой день. Подключение — по заявке в интернет-банке СберБизнес.».
Не изменяй название продукта: «зарплатный проект».
Преимущества:
«Разные виды зачислений.

Можно зачислять в выходные и праздники.

Срок зачисления — от 1 минуты.

Подключение без визита в банк.».
ОБЯЗАТЕЛЬНО включи в SMS:
1. простота, бонус, скидка, эффективный.
2. управление, сотрудники, команда, компания, штат, корпоративный.
Убедись, что написал не меньше трех и не больше четырех предложений суммарной длиной от 160 до 250 знаков с учетом пробелов.
Убедись, что SMS начинается с указания на пользу продукта и использования глагола в побудительном наклонении и не начинается с вопроса.
Убедись, что в SMS без изменений, синонимов и перестановок слов используется наименование продукта: «зарплатный проект».
Убедись, что в SMS есть следующая ключевая информация: «Зачисление зарплаты сотрудникам от 1 минуты 24/7, подключение без визита в банк.».","Напиши три или четыре предложения суммарной длиной от 160 до 250 знаков с учетом пробелов. Начни SMS с указания на пользу продукта. Используй глагол в побудительном наклонении. Не начинай с вопроса. Напиши рекламное SMS для следующего продукта:
«Зарплатный проект для предпринимателей. Позволяет зачислять зарплату, отпускные, компенсации и другие виды выплат в любой день. Подключение — по заявке в интернет-банке СберБизнес.».
Не изменяй название продукта: «зарплатный проект».
Преимущества:
«Разные виды зачислений. Можно зачислять в выходные и праздники. Срок зачисления — от 1 минуты. Подключение без визита в банк.».
ОБЯЗАТЕЛЬНО включи в SMS:
1. простота, бонус, скидка, эффективный.
2. управление, сотрудники, команда, компания, штат, корпоративный.
Убедись, что написал не меньше трех и не больше четырех предложений суммарной длиной от 160 до 250 знаков с учетом пробелов.
Убедись, что SMS начинается с указания на пользу продукта и использования глагола в побудительном наклонении и не начинается с вопроса.
Убедись, что в SMS без изменений, синонимов и перестановок слов используется наименование продукта: «зарплатный проект».
Убедись, что в SMS есть следующая ключевая информация: «Зачисление зарплаты сотрудникам от 1 минуты 24/7, подключение без визита в банк.».","Зарплатный проект для вашего бизнеса! Управляйте зарплатой сотрудников эффективно: зачисление от 1 минуты 24/7, даже в выходные. Подключайтесь просто через СберБизнес — без визита в банк.

------
Количество знаков: 187",,
1737030535.6234348,зарплатный проект,"Зарплатный проект для предпринимателей. Позволяет зачислять зарплату, отпускные, компенсации и другие виды выплат в любой день. Подключение — по заявке в интернет-банке СберБизнес.",зарплатный проект,"Разные виды зачислений.

Можно зачислять в выходные и праздники.

Срок зачисления — от 1 минуты.

Подключение без визита в банк.","Зачисление зарплаты сотрудникам от 1 минуты 24/7, подключение без визита в банк.",Не выбрано,X,,,Не выбрано,ООО,Указание на пользу,SMS для данных параметров персонализации ОТСУТСТВУЕТ в базе,GigaChat-Max (T=0.87),"Напиши три или четыре предложения суммарной длиной от 160 до 250 знаков с учетом пробелов. Начни SMS с указания на пользу продукта. Используй глагол в побудительном наклонении. Не начинай с вопроса. 
Напиши рекламное SMS для следующего продукта:
«Зарплатный проект для предпринимателей. Позволяет зачислять зарплату, отпускные, компенсации и другие виды выплат в любой день. Подключение — по заявке в интернет-банке СберБизнес.».
Не изменяй название продукта: «зарплатный проект».
Преимущества:
«Разные виды зачислений.

Можно зачислять в выходные и праздники.

Срок зачисления — от 1 минуты.

Подключение без визита в банк.».
ОБЯЗАТЕЛЬНО включи в SMS:
1. надежность, стабильность, опыт.
2. управление, сотрудники, команда, компания, штат, корпоративный.
Убедись, что написал не меньше трех и не больше четырех предложений суммарной длиной от 160 до 250 знаков с учетом пробелов.
Убедись, что SMS начинается с указания на пользу продукта и использования глагола в побудительном наклонении и не начинается с вопроса.
Убедись, что в SMS без изменений, синонимов и перестановок слов используется наименование продукта: «зарплатный проект».
Убедись, что в SMS есть следующая ключевая информация: «Зачисление зарплаты сотрудникам от 1 минуты 24/7, подключение без визита в банк.».","Напиши три или четыре предложения суммарной длиной от 160 до 250 знаков с учетом пробелов. Начни SMS с указания на пользу продукта. Используй глагол в побудительном наклонении. Не начинай с вопроса. Напиши рекламное SMS для следующего продукта:
«Зарплатный проект для предпринимателей. Позволяет зачислять зарплату, отпускные, компенсации и другие виды выплат в любой день. Подключение — по заявке в интернет-банке СберБизнес.».
Не изменяй название продукта: «зарплатный проект».
Преимущества:
«Разные виды зачислений. Можно зачислять в выходные и праздники. Срок зачисления — от 1 минуты. Подключение без визита в банк.».
ОБЯЗАТЕЛЬНО включи в SMS:
1. надежность, стабильность, опыт.
2. управление, сотрудники, команда, компания, штат, корпоративный.
Убедись, что написал не меньше трех и не больше четырех предложений суммарной длиной от 160 до 250 знаков с учетом пробелов.
Убедись, что SMS начинается с указания на пользу продукта и использования глагола в побудительном наклонении и не начинается с вопроса.
Убедись, что в SMS без изменений, синонимов и перестановок слов используется наименование продукта: «зарплатный проект».
Убедись, что в SMS есть следующая ключевая информация: «Зачисление зарплаты сотрудникам от 1 минуты 24/7, подключение без визита в банк.».","Повышайте стабильность своей компании с зарплатным проектом! Зачисляйте зарплату сотрудникам за 1 минуту 24/7, подключайтесь без визита в банк. Надёжно управляйте выплатами в любое время, даже в выходные и праздники.

------
Количество знаков: 216",,
